timeStamp,elapsed,label,responseCode,responseMessage,threadName,dataType,success,failureMessage,bytes,sentBytes,grpThreads,allThreads,URL,Latency,IdleTime,Connect
1654177089429,2,/jpetstore/actions/Catalog.action-97,200,OK,Thread Group 1-1,text,true,,5762,727,4,4,http://localhost:8080/jpetstore/actions/Catalog.action,2,0,0
1654177089783,2,/jpetstore/actions/Catalog.action-97,200,OK,Thread Group 1-2,text,true,,5762,727,5,5,http://localhost:8080/jpetstore/actions/Catalog.action,2,0,1
1654177090204,2,/jpetstore/actions/Catalog.action-97,200,OK,Thread Group 1-3,text,true,,5762,727,6,6,http://localhost:8080/jpetstore/actions/Catalog.action,1,0,0
1654177090558,2,/jpetstore/actions/Catalog.action-97,200,OK,Thread Group 1-4,text,true,,5762,727,7,7,http://localhost:8080/jpetstore/actions/Catalog.action,2,0,0
1654177090963,1,/jpetstore/actions/Account.action-98,200,OK,Thread Group 1-1,text,true,,3925,854,8,8,http://localhost:8080/jpetstore/actions/Account.action?signonForm=,1,0,0
1654177091023,1,/jpetstore/actions/Catalog.action-97,200,OK,Thread Group 1-5,text,true,,5762,727,8,8,http://localhost:8080/jpetstore/actions/Catalog.action,1,0,0
1654177091365,1,/jpetstore/actions/Account.action-98,200,OK,Thread Group 1-2,text,true,,3925,854,9,9,http://localhost:8080/jpetstore/actions/Account.action?signonForm=,1,0,0
1654177091387,1,/jpetstore/actions/Catalog.action-97,200,OK,Thread Group 1-6,text,true,,5762,727,9,9,http://localhost:8080/jpetstore/actions/Catalog.action,1,0,0
1654177091753,2,/jpetstore/actions/Catalog.action-97,200,OK,Thread Group 1-7,text,true,,5762,727,10,10,http://localhost:8080/jpetstore/actions/Catalog.action,2,0,0
1654177091774,1,/jpetstore/actions/Account.action-98,200,OK,Thread Group 1-3,text,true,,3921,854,10,10,http://localhost:8080/jpetstore/actions/Account.action?signonForm=,1,0,0
1654177092139,2,/jpetstore/actions/Account.action-98,200,OK,Thread Group 1-4,text,true,,3923,854,11,11,http://localhost:8080/jpetstore/actions/Account.action?signonForm=,2,0,0
1654177092237,2,/jpetstore/actions/Catalog.action-97,200,OK,Thread Group 1-8,text,true,,5762,727,12,12,http://localhost:8080/jpetstore/actions/Catalog.action,2,0,0
1654177092558,2,/jpetstore/actions/Catalog.action-97,200,OK,Thread Group 1-9,text,true,,5762,727,12,12,http://localhost:8080/jpetstore/actions/Catalog.action,2,0,0
1654177092562,1,/jpetstore/actions/Account.action-99,200,OK,Thread Group 1-1,text,true,,5262,2175,12,12,http://localhost:8080/jpetstore/actions/Catalog.action,1,0,0
1654177092562,1,/jpetstore/actions/Account.action-99-0,302,Found,Thread Group 1-1,,true,,193,1215,12,12,http://localhost:8080/jpetstore/actions/Account.action,1,0,0
1654177092563,0,/jpetstore/actions/Account.action-99-1,200,OK,Thread Group 1-1,text,true,,5069,960,12,12,http://localhost:8080/jpetstore/actions/Catalog.action,0,0,0
1654177092590,1,/jpetstore/actions/Account.action-98,200,OK,Thread Group 1-5,text,true,,3923,854,12,12,http://localhost:8080/jpetstore/actions/Account.action?signonForm=,1,0,0
1654177092935,3,/jpetstore/actions/Account.action-99,200,OK,Thread Group 1-2,text,true,,5262,2175,13,13,http://localhost:8080/jpetstore/actions/Catalog.action,2,0,0
1654177092935,2,/jpetstore/actions/Account.action-99-0,302,Found,Thread Group 1-2,,true,,193,1215,13,13,http://localhost:8080/jpetstore/actions/Account.action,2,0,0
1654177092937,1,/jpetstore/actions/Account.action-99-1,200,OK,Thread Group 1-2,text,true,,5069,960,13,13,http://localhost:8080/jpetstore/actions/Catalog.action,1,0,0
1654177092987,1,/jpetstore/actions/Account.action-98,200,OK,Thread Group 1-6,text,true,,3923,854,13,13,http://localhost:8080/jpetstore/actions/Account.action?signonForm=,1,0,0
1654177092986,2,/jpetstore/actions/Catalog.action-97,200,OK,Thread Group 1-10,text,true,,5762,727,13,13,http://localhost:8080/jpetstore/actions/Catalog.action,2,0,1
1654177093271,1,/jpetstore/actions/Account.action-98,200,OK,Thread Group 1-7,text,true,,3925,854,14,14,http://localhost:8080/jpetstore/actions/Account.action?signonForm=,1,0,0
1654177093341,2,/jpetstore/actions/Account.action-99,200,OK,Thread Group 1-3,text,true,,5262,2175,14,14,http://localhost:8080/jpetstore/actions/Catalog.action,1,0,0
1654177093341,1,/jpetstore/actions/Account.action-99-0,302,Found,Thread Group 1-3,,true,,193,1215,14,14,http://localhost:8080/jpetstore/actions/Account.action,1,0,0
1654177093342,1,/jpetstore/actions/Account.action-99-1,200,OK,Thread Group 1-3,text,true,,5069,960,14,14,http://localhost:8080/jpetstore/actions/Catalog.action,1,0,0
1654177093381,1,/jpetstore/actions/Catalog.action-97,200,OK,Thread Group 1-11,text,true,,5762,727,14,14,http://localhost:8080/jpetstore/actions/Catalog.action,1,0,0
1654177093690,2,/jpetstore/actions/Account.action-99,200,OK,Thread Group 1-4,text,true,,5262,2175,15,15,http://localhost:8080/jpetstore/actions/Catalog.action,1,0,0
1654177093690,1,/jpetstore/actions/Account.action-99-0,302,Found,Thread Group 1-4,,true,,193,1215,15,15,http://localhost:8080/jpetstore/actions/Account.action,1,0,0
1654177093691,1,/jpetstore/actions/Account.action-99-1,200,OK,Thread Group 1-4,text,true,,5069,960,15,15,http://localhost:8080/jpetstore/actions/Catalog.action,1,0,0
1654177093745,1,/jpetstore/actions/Account.action-98,200,OK,Thread Group 1-8,text,true,,3925,854,15,15,http://localhost:8080/jpetstore/actions/Account.action?signonForm=,0,0,0
1654177093806,2,/jpetstore/actions/Catalog.action-97,200,OK,Thread Group 1-12,text,true,,5762,727,15,15,http://localhost:8080/jpetstore/actions/Catalog.action,2,0,1
1654177094065,2,/jpetstore/actions/Account.action-101,200,OK,Thread Group 1-1,text,true,,5255,1693,16,16,http://localhost:8080/jpetstore/actions/Catalog.action,1,0,0
1654177094065,1,/jpetstore/actions/Account.action-101-0,302,Found,Thread Group 1-1,,true,,333,851,16,16,http://localhost:8080/jpetstore/actions/Account.action?signoff=,1,0,0
1654177094066,1,/jpetstore/actions/Account.action-101-1,200,OK,Thread Group 1-1,text,true,,4922,842,16,16,http://localhost:8080/jpetstore/actions/Catalog.action,1,0,0
1654177094100,2,/jpetstore/actions/Account.action-99,200,OK,Thread Group 1-5,text,true,,5262,2175,16,16,http://localhost:8080/jpetstore/actions/Catalog.action,1,0,0
1654177094100,1,/jpetstore/actions/Account.action-99-0,302,Found,Thread Group 1-5,,true,,193,1215,16,16,http://localhost:8080/jpetstore/actions/Account.action,1,0,0
1654177094101,1,/jpetstore/actions/Account.action-99-1,200,OK,Thread Group 1-5,text,true,,5069,960,16,16,http://localhost:8080/jpetstore/actions/Catalog.action,1,0,0
1654177094127,1,/jpetstore/actions/Account.action-98,200,OK,Thread Group 1-9,text,true,,3921,854,16,16,http://localhost:8080/jpetstore/actions/Account.action?signonForm=,1,0,0
1654177094154,1,/jpetstore/actions/Catalog.action-97,200,OK,Thread Group 1-13,text,true,,5762,727,16,16,http://localhost:8080/jpetstore/actions/Catalog.action,1,0,0
1654177094526,2,/jpetstore/actions/Account.action-101,200,OK,Thread Group 1-2,text,true,,5255,1693,17,17,http://localhost:8080/jpetstore/actions/Catalog.action,1,0,0
1654177094526,1,/jpetstore/actions/Account.action-101-0,302,Found,Thread Group 1-2,,true,,333,851,17,17,http://localhost:8080/jpetstore/actions/Account.action?signoff=,1,0,0
1654177094527,1,/jpetstore/actions/Account.action-101-1,200,OK,Thread Group 1-2,text,true,,4922,842,17,17,http://localhost:8080/jpetstore/actions/Catalog.action,1,0,0
1654177094547,1,/jpetstore/actions/Account.action-99,200,OK,Thread Group 1-6,text,true,,5262,2175,17,17,http://localhost:8080/jpetstore/actions/Catalog.action,0,0,0
1654177094547,0,/jpetstore/actions/Account.action-99-0,302,Found,Thread Group 1-6,,true,,193,1215,17,17,http://localhost:8080/jpetstore/actions/Account.action,0,0,0
1654177094547,1,/jpetstore/actions/Account.action-99-1,200,OK,Thread Group 1-6,text,true,,5069,960,17,17,http://localhost:8080/jpetstore/actions/Catalog.action,1,0,0
1654177094553,1,/jpetstore/actions/Account.action-98,200,OK,Thread Group 1-10,text,true,,3925,854,17,17,http://localhost:8080/jpetstore/actions/Account.action?signonForm=,1,0,0
1654177094570,1,/jpetstore/actions/Catalog.action-97,200,OK,Thread Group 1-14,text,true,,5762,727,17,17,http://localhost:8080/jpetstore/actions/Catalog.action,1,0,0
1654177094785,3,/jpetstore/actions/Account.action-99,200,OK,Thread Group 1-7,text,true,,5262,2175,18,18,http://localhost:8080/jpetstore/actions/Catalog.action,2,0,0
1654177094785,2,/jpetstore/actions/Account.action-99-0,302,Found,Thread Group 1-7,,true,,193,1215,18,18,http://localhost:8080/jpetstore/actions/Account.action,2,0,0
1654177094787,1,/jpetstore/actions/Account.action-99-1,200,OK,Thread Group 1-7,text,true,,5069,960,18,18,http://localhost:8080/jpetstore/actions/Catalog.action,1,0,0
1654177094884,2,/jpetstore/actions/Account.action-101,200,OK,Thread Group 1-3,text,true,,5255,1693,18,18,http://localhost:8080/jpetstore/actions/Catalog.action,1,0,0
1654177094884,1,/jpetstore/actions/Account.action-101-0,302,Found,Thread Group 1-3,,true,,333,851,18,18,http://localhost:8080/jpetstore/actions/Account.action?signoff=,1,0,0
1654177094885,1,/jpetstore/actions/Account.action-101-1,200,OK,Thread Group 1-3,text,true,,4922,842,18,18,http://localhost:8080/jpetstore/actions/Catalog.action,1,0,0
1654177094925,1,/jpetstore/actions/Account.action-98,200,OK,Thread Group 1-11,text,true,,3923,854,18,18,http://localhost:8080/jpetstore/actions/Account.action?signonForm=,1,0,0
1654177095014,2,/jpetstore/actions/Catalog.action-97,200,OK,Thread Group 1-15,text,true,,5762,727,18,18,http://localhost:8080/jpetstore/actions/Catalog.action,2,0,0
1654177095276,1,/jpetstore/actions/Account.action-101,200,OK,Thread Group 1-4,text,true,,5255,1693,19,19,http://localhost:8080/jpetstore/actions/Catalog.action,1,0,0
1654177095276,1,/jpetstore/actions/Account.action-101-0,302,Found,Thread Group 1-4,,true,,333,851,19,19,http://localhost:8080/jpetstore/actions/Account.action?signoff=,1,0,0
1654177095277,0,/jpetstore/actions/Account.action-101-1,200,OK,Thread Group 1-4,text,true,,4922,842,19,19,http://localhost:8080/jpetstore/actions/Catalog.action,0,0,0
1654177095297,1,/jpetstore/actions/Account.action-99,200,OK,Thread Group 1-8,text,true,,5262,2175,19,19,http://localhost:8080/jpetstore/actions/Catalog.action,0,0,0
1654177095297,0,/jpetstore/actions/Account.action-99-0,302,Found,Thread Group 1-8,,true,,193,1215,19,19,http://localhost:8080/jpetstore/actions/Account.action,0,0,0
1654177095297,1,/jpetstore/actions/Account.action-99-1,200,OK,Thread Group 1-8,text,true,,5069,960,19,19,http://localhost:8080/jpetstore/actions/Catalog.action,1,0,0
1654177095349,1,/jpetstore/actions/Account.action-98,200,OK,Thread Group 1-12,text,true,,3923,854,19,19,http://localhost:8080/jpetstore/actions/Account.action?signonForm=,1,0,0
1654177095419,2,/jpetstore/actions/Catalog.action-97,200,OK,Thread Group 1-16,text,true,,5762,727,19,19,http://localhost:8080/jpetstore/actions/Catalog.action,2,0,1
1654177095583,0,Home,200,OK,Thread Group 1-1,text,true,,1516,391,20,20,http://localhost:8080/jpetstore/,0,0,0
1654177095583,0,Home-0,302,Found,Thread Group 1-1,,true,,146,195,20,20,http://localhost:8080/jpetstore,0,0,0
1654177095583,0,Home-1,200,OK,Thread Group 1-1,text,true,,1370,196,20,20,http://localhost:8080/jpetstore/,0,0,0
1654177095671,2,/jpetstore/actions/Account.action-101,200,OK,Thread Group 1-5,text,true,,5255,1693,20,20,http://localhost:8080/jpetstore/actions/Catalog.action,1,0,0
1654177095671,1,/jpetstore/actions/Account.action-101-0,302,Found,Thread Group 1-5,,true,,333,851,20,20,http://localhost:8080/jpetstore/actions/Account.action?signoff=,1,0,0
1654177095672,1,/jpetstore/actions/Account.action-101-1,200,OK,Thread Group 1-5,text,true,,4922,842,20,20,http://localhost:8080/jpetstore/actions/Catalog.action,1,0,0
1654177095687,1,/jpetstore/actions/Account.action-99,200,OK,Thread Group 1-9,text,true,,5262,2175,20,20,http://localhost:8080/jpetstore/actions/Catalog.action,1,0,0
1654177095687,1,/jpetstore/actions/Account.action-99-0,302,Found,Thread Group 1-9,,true,,193,1215,20,20,http://localhost:8080/jpetstore/actions/Account.action,1,0,0
1654177095688,0,/jpetstore/actions/Account.action-99-1,200,OK,Thread Group 1-9,text,true,,5069,960,20,20,http://localhost:8080/jpetstore/actions/Catalog.action,0,0,0
1654177095703,1,/jpetstore/actions/Account.action-98,200,OK,Thread Group 1-13,text,true,,3921,854,20,20,http://localhost:8080/jpetstore/actions/Account.action?signonForm=,1,0,0
1654177095790,2,/jpetstore/actions/Catalog.action-97,200,OK,Thread Group 1-17,text,true,,5762,727,20,20,http://localhost:8080/jpetstore/actions/Catalog.action,2,0,0
1654177096087,2,/jpetstore/actions/Account.action-99,200,OK,Thread Group 1-10,text,true,,5262,2175,21,21,http://localhost:8080/jpetstore/actions/Catalog.action,1,0,0
1654177096087,2,/jpetstore/actions/Account.action-101,200,OK,Thread Group 1-6,text,true,,5255,1693,21,21,http://localhost:8080/jpetstore/actions/Catalog.action,1,0,0
1654177096087,1,/jpetstore/actions/Account.action-99-0,302,Found,Thread Group 1-10,,true,,193,1215,21,21,http://localhost:8080/jpetstore/actions/Account.action,1,0,0
1654177096087,1,/jpetstore/actions/Account.action-101-0,302,Found,Thread Group 1-6,,true,,333,851,21,21,http://localhost:8080/jpetstore/actions/Account.action?signoff=,1,0,0
1654177096088,1,/jpetstore/actions/Account.action-101-1,200,OK,Thread Group 1-6,text,true,,4922,842,21,21,http://localhost:8080/jpetstore/actions/Catalog.action,1,0,0
1654177096088,1,/jpetstore/actions/Account.action-99-1,200,OK,Thread Group 1-10,text,true,,5069,960,21,21,http://localhost:8080/jpetstore/actions/Catalog.action,1,0,0
1654177096129,1,Home,200,OK,Thread Group 1-2,text,true,,1516,391,21,21,http://localhost:8080/jpetstore/,1,0,0
1654177096129,1,Home-0,302,Found,Thread Group 1-2,,true,,146,195,21,21,http://localhost:8080/jpetstore,1,0,0
1654177096130,0,Home-1,200,OK,Thread Group 1-2,text,true,,1370,196,21,21,http://localhost:8080/jpetstore/,0,0,0
1654177096172,1,/jpetstore/actions/Account.action-98,200,OK,Thread Group 1-14,text,true,,3925,854,21,21,http://localhost:8080/jpetstore/actions/Account.action?signonForm=,1,0,0
1654177096201,2,/jpetstore/actions/Catalog.action-97,200,OK,Thread Group 1-18,text,true,,5762,727,21,21,http://localhost:8080/jpetstore/actions/Catalog.action,2,0,0
1654177096292,2,/jpetstore/actions/Account.action-101,200,OK,Thread Group 1-7,text,true,,5255,1693,22,22,http://localhost:8080/jpetstore/actions/Catalog.action,1,0,0
1654177096292,1,/jpetstore/actions/Account.action-101-0,302,Found,Thread Group 1-7,,true,,333,851,22,22,http://localhost:8080/jpetstore/actions/Account.action?signoff=,1,0,0
1654177096293,1,/jpetstore/actions/Account.action-101-1,200,OK,Thread Group 1-7,text,true,,4922,842,22,22,http://localhost:8080/jpetstore/actions/Catalog.action,1,0,0
1654177096445,2,Home,200,OK,Thread Group 1-3,text,true,,1516,391,22,22,http://localhost:8080/jpetstore/,1,0,0
1654177096445,1,Home-0,302,Found,Thread Group 1-3,,true,,146,195,22,22,http://localhost:8080/jpetstore,1,0,0
1654177096446,1,Home-1,200,OK,Thread Group 1-3,text,true,,1370,196,22,22,http://localhost:8080/jpetstore/,1,0,0
1654177096502,2,/jpetstore/actions/Account.action-99,200,OK,Thread Group 1-11,text,true,,5262,2175,22,22,http://localhost:8080/jpetstore/actions/Catalog.action,1,0,0
1654177096502,1,/jpetstore/actions/Account.action-99-0,302,Found,Thread Group 1-11,,true,,193,1215,22,22,http://localhost:8080/jpetstore/actions/Account.action,1,0,0
1654177096503,1,/jpetstore/actions/Account.action-99-1,200,OK,Thread Group 1-11,text,true,,5069,960,22,22,http://localhost:8080/jpetstore/actions/Catalog.action,1,0,0
1654177096523,2,/jpetstore/actions/Account.action-98,200,OK,Thread Group 1-15,text,true,,3925,854,22,22,http://localhost:8080/jpetstore/actions/Account.action?signonForm=,2,0,0
1654177096577,2,/jpetstore/actions/Catalog.action-97,200,OK,Thread Group 1-19,text,true,,5762,727,22,22,http://localhost:8080/jpetstore/actions/Catalog.action,2,0,1
1654177096798,1,Home,200,OK,Thread Group 1-4,text,true,,1516,391,23,23,http://localhost:8080/jpetstore/,0,0,0
1654177096798,0,Home-0,302,Found,Thread Group 1-4,,true,,146,195,23,23,http://localhost:8080/jpetstore,0,0,0
1654177096798,1,Home-1,200,OK,Thread Group 1-4,text,true,,1370,196,23,23,http://localhost:8080/jpetstore/,1,0,0
1654177096895,2,/jpetstore/actions/Account.action-101,200,OK,Thread Group 1-8,text,true,,5255,1693,23,23,http://localhost:8080/jpetstore/actions/Catalog.action,1,0,0
1654177096895,1,/jpetstore/actions/Account.action-101-0,302,Found,Thread Group 1-8,,true,,333,851,23,23,http://localhost:8080/jpetstore/actions/Account.action?signoff=,1,0,0
1654177096896,1,/jpetstore/actions/Account.action-101-1,200,OK,Thread Group 1-8,text,true,,4922,842,23,23,http://localhost:8080/jpetstore/actions/Catalog.action,1,0,0
1654177096941,2,/jpetstore/actions/Account.action-99,200,OK,Thread Group 1-12,text,true,,5262,2175,23,23,http://localhost:8080/jpetstore/actions/Catalog.action,1,0,0
1654177096941,1,/jpetstore/actions/Account.action-99-0,302,Found,Thread Group 1-12,,true,,193,1215,23,23,http://localhost:8080/jpetstore/actions/Account.action,1,0,0
1654177096942,1,/jpetstore/actions/Account.action-99-1,200,OK,Thread Group 1-12,text,true,,5069,960,23,23,http://localhost:8080/jpetstore/actions/Catalog.action,1,0,0
1654177096952,2,/jpetstore/actions/Catalog.action-97,200,OK,Thread Group 1-20,text,true,,5762,727,23,23,http://localhost:8080/jpetstore/actions/Catalog.action,2,0,1
1654177097009,2,/jpetstore/actions/Account.action-98,200,OK,Thread Group 1-16,text,true,,3925,854,23,23,http://localhost:8080/jpetstore/actions/Account.action?signonForm=,2,0,0
1654177097147,2,Main Catalog,200,OK,Thread Group 1-1,text,true,,4832,218,24,24,http://localhost:8080/jpetstore/actions/Catalog.action,2,0,0
1654177097192,1,Home,200,OK,Thread Group 1-5,text,true,,1516,391,24,24,http://localhost:8080/jpetstore/,1,0,0
1654177097192,1,Home-0,302,Found,Thread Group 1-5,,true,,146,195,24,24,http://localhost:8080/jpetstore,1,0,0
1654177097193,0,Home-1,200,OK,Thread Group 1-5,text,true,,1370,196,24,24,http://localhost:8080/jpetstore/,0,0,0
1654177097193,1,/jpetstore/actions/Account.action-101,200,OK,Thread Group 1-9,text,true,,5255,1693,24,24,http://localhost:8080/jpetstore/actions/Catalog.action,0,0,0
1654177097193,0,/jpetstore/actions/Account.action-101-0,302,Found,Thread Group 1-9,,true,,333,851,24,24,http://localhost:8080/jpetstore/actions/Account.action?signoff=,0,0,0
1654177097193,1,/jpetstore/actions/Account.action-101-1,200,OK,Thread Group 1-9,text,true,,4922,842,24,24,http://localhost:8080/jpetstore/actions/Catalog.action,1,0,0
1654177097238,2,/jpetstore/actions/Account.action-99,200,OK,Thread Group 1-13,text,true,,5262,2175,24,24,http://localhost:8080/jpetstore/actions/Catalog.action,1,0,0
1654177097238,1,/jpetstore/actions/Account.action-99-0,302,Found,Thread Group 1-13,,true,,193,1215,24,24,http://localhost:8080/jpetstore/actions/Account.action,1,0,0
1654177097239,1,/jpetstore/actions/Account.action-99-1,200,OK,Thread Group 1-13,text,true,,5069,960,24,24,http://localhost:8080/jpetstore/actions/Catalog.action,1,0,0
1654177097353,1,/jpetstore/actions/Account.action-98,200,OK,Thread Group 1-17,text,true,,3921,854,24,24,http://localhost:8080/jpetstore/actions/Account.action?signonForm=,1,0,0
1654177097354,1,/jpetstore/actions/Catalog.action-97,200,OK,Thread Group 1-21,text,true,,5762,727,24,24,http://localhost:8080/jpetstore/actions/Catalog.action,1,0,1
1654177097604,2,/jpetstore/actions/Account.action-101,200,OK,Thread Group 1-10,text,true,,5255,1693,25,25,http://localhost:8080/jpetstore/actions/Catalog.action,1,0,0
1654177097604,1,/jpetstore/actions/Account.action-101-0,302,Found,Thread Group 1-10,,true,,333,851,25,25,http://localhost:8080/jpetstore/actions/Account.action?signoff=,1,0,0
1654177097605,1,/jpetstore/actions/Account.action-101-1,200,OK,Thread Group 1-10,text,true,,4922,842,25,25,http://localhost:8080/jpetstore/actions/Catalog.action,1,0,0
1654177097649,1,Home,200,OK,Thread Group 1-6,text,true,,1516,391,25,25,http://localhost:8080/jpetstore/,0,0,0
1654177097649,0,Home-0,302,Found,Thread Group 1-6,,true,,146,195,25,25,http://localhost:8080/jpetstore,0,0,0
1654177097650,0,Home-1,200,OK,Thread Group 1-6,text,true,,1370,196,25,25,http://localhost:8080/jpetstore/,0,0,0
1654177097712,2,Main Catalog,200,OK,Thread Group 1-2,text,true,,4832,218,25,25,http://localhost:8080/jpetstore/actions/Catalog.action,2,0,0
1654177097713,2,/jpetstore/actions/Account.action-99,200,OK,Thread Group 1-14,text,true,,5262,2175,25,25,http://localhost:8080/jpetstore/actions/Catalog.action,1,0,0
1654177097713,1,/jpetstore/actions/Account.action-99-0,302,Found,Thread Group 1-14,,true,,193,1215,25,25,http://localhost:8080/jpetstore/actions/Account.action,1,0,0
1654177097714,1,/jpetstore/actions/Account.action-99-1,200,OK,Thread Group 1-14,text,true,,5069,960,25,25,http://localhost:8080/jpetstore/actions/Catalog.action,1,0,0
1654177097723,2,/jpetstore/actions/Account.action-98,200,OK,Thread Group 1-18,text,true,,3925,854,25,25,http://localhost:8080/jpetstore/actions/Account.action?signonForm=,2,0,0
1654177097747,1,/jpetstore/actions/Catalog.action-97,200,OK,Thread Group 1-22,text,true,,5762,727,25,25,http://localhost:8080/jpetstore/actions/Catalog.action,1,0,0
1654177097887,1,Home,200,OK,Thread Group 1-7,text,true,,1516,391,25,25,http://localhost:8080/jpetstore/,1,0,0
1654177097887,1,Home-0,302,Found,Thread Group 1-7,,true,,146,195,25,25,http://localhost:8080/jpetstore,1,0,0
1654177097888,0,Home-1,200,OK,Thread Group 1-7,text,true,,1370,196,25,25,http://localhost:8080/jpetstore/,0,0,0
1654177098009,1,Main Catalog,200,OK,Thread Group 1-3,text,true,,4832,218,25,25,http://localhost:8080/jpetstore/actions/Catalog.action,1,0,0
1654177098040,2,/jpetstore/actions/Account.action-101,200,OK,Thread Group 1-11,text,true,,5255,1693,25,25,http://localhost:8080/jpetstore/actions/Catalog.action,1,0,0
1654177098040,1,/jpetstore/actions/Account.action-101-0,302,Found,Thread Group 1-11,,true,,333,851,25,25,http://localhost:8080/jpetstore/actions/Account.action?signoff=,1,0,0
1654177098041,1,/jpetstore/actions/Account.action-101-1,200,OK,Thread Group 1-11,text,true,,4922,842,25,25,http://localhost:8080/jpetstore/actions/Catalog.action,1,0,0
1654177098078,2,/jpetstore/actions/Account.action-99,200,OK,Thread Group 1-15,text,true,,5262,2175,25,25,http://localhost:8080/jpetstore/actions/Catalog.action,2,0,0
1654177098078,2,/jpetstore/actions/Account.action-99-0,302,Found,Thread Group 1-15,,true,,193,1215,25,25,http://localhost:8080/jpetstore/actions/Account.action,2,0,0
1654177098080,0,/jpetstore/actions/Account.action-99-1,200,OK,Thread Group 1-15,text,true,,5069,960,25,25,http://localhost:8080/jpetstore/actions/Catalog.action,0,0,0
1654177098174,2,/jpetstore/actions/Account.action-98,200,OK,Thread Group 1-19,text,true,,3921,854,25,25,http://localhost:8080/jpetstore/actions/Account.action?signonForm=,2,0,0
1654177098184,1,/jpetstore/actions/Catalog.action-97,200,OK,Thread Group 1-23,text,true,,5762,727,25,25,http://localhost:8080/jpetstore/actions/Catalog.action,1,0,0
1654177098327,2,Main Catalog,200,OK,Thread Group 1-4,text,true,,4832,218,25,25,http://localhost:8080/jpetstore/actions/Catalog.action,2,0,0
1654177098496,1,Home,200,OK,Thread Group 1-8,text,true,,1516,391,25,25,http://localhost:8080/jpetstore/,1,0,0
1654177098496,1,Home-0,302,Found,Thread Group 1-8,,true,,146,195,25,25,http://localhost:8080/jpetstore,1,0,0
1654177098497,0,Home-1,200,OK,Thread Group 1-8,text,true,,1370,196,25,25,http://localhost:8080/jpetstore/,0,0,0
1654177098507,1,/jpetstore/actions/Account.action-98,200,OK,Thread Group 1-20,text,true,,3925,854,25,25,http://localhost:8080/jpetstore/actions/Account.action?signonForm=,1,0,0
1654177098540,2,/jpetstore/actions/Account.action-101,200,OK,Thread Group 1-12,text,true,,5255,1693,25,25,http://localhost:8080/jpetstore/actions/Catalog.action,1,0,0
1654177098540,1,/jpetstore/actions/Account.action-101-0,302,Found,Thread Group 1-12,,true,,333,851,25,25,http://localhost:8080/jpetstore/actions/Account.action?signoff=,1,0,0
1654177098541,1,/jpetstore/actions/Account.action-101-1,200,OK,Thread Group 1-12,text,true,,4922,842,25,25,http://localhost:8080/jpetstore/actions/Catalog.action,1,0,0
1654177098566,1,/jpetstore/actions/Account.action-99,200,OK,Thread Group 1-16,text,true,,5262,2175,25,25,http://localhost:8080/jpetstore/actions/Catalog.action,1,0,0
1654177098566,1,/jpetstore/actions/Account.action-99-0,302,Found,Thread Group 1-16,,true,,193,1215,25,25,http://localhost:8080/jpetstore/actions/Account.action,1,0,0
1654177098567,0,/jpetstore/actions/Account.action-99-1,200,OK,Thread Group 1-16,text,true,,5069,960,25,25,http://localhost:8080/jpetstore/actions/Catalog.action,0,0,0
1654177098583,1,/jpetstore/actions/Catalog.action-97,200,OK,Thread Group 1-24,text,true,,5762,727,25,25,http://localhost:8080/jpetstore/actions/Catalog.action,1,0,1
1654177098737,2,Sign in,200,OK,Thread Group 1-1,text,true,,3923,854,25,25,http://localhost:8080/jpetstore/actions/Account.action?signonForm=,2,0,0
1654177098780,1,Main Catalog,200,OK,Thread Group 1-5,text,true,,4832,218,25,25,http://localhost:8080/jpetstore/actions/Catalog.action,1,0,0
1654177098788,2,/jpetstore/actions/Account.action-101,200,OK,Thread Group 1-13,text,true,,5255,1693,25,25,http://localhost:8080/jpetstore/actions/Catalog.action,1,0,0
1654177098788,1,/jpetstore/actions/Account.action-101-0,302,Found,Thread Group 1-13,,true,,333,851,25,25,http://localhost:8080/jpetstore/actions/Account.action?signoff=,1,0,0
1654177098789,1,/jpetstore/actions/Account.action-101-1,200,OK,Thread Group 1-13,text,true,,4922,842,25,25,http://localhost:8080/jpetstore/actions/Catalog.action,0,0,0
1654177098792,0,Home,200,OK,Thread Group 1-9,text,true,,1516,391,25,25,http://localhost:8080/jpetstore/,0,0,0
1654177098792,0,Home-0,302,Found,Thread Group 1-9,,true,,146,195,25,25,http://localhost:8080/jpetstore,0,0,0
1654177098792,0,Home-1,200,OK,Thread Group 1-9,text,true,,1370,196,25,25,http://localhost:8080/jpetstore/,0,0,0
1654177098936,1,/jpetstore/actions/Account.action-98,200,OK,Thread Group 1-21,text,true,,3921,854,25,25,http://localhost:8080/jpetstore/actions/Account.action?signonForm=,1,0,0
1654177098954,2,/jpetstore/actions/Account.action-99,200,OK,Thread Group 1-17,text,true,,5262,2175,25,25,http://localhost:8080/jpetstore/actions/Catalog.action,1,0,0
1654177098954,1,/jpetstore/actions/Account.action-99-0,302,Found,Thread Group 1-17,,true,,193,1215,25,25,http://localhost:8080/jpetstore/actions/Account.action,1,0,0
1654177098955,1,/jpetstore/actions/Account.action-99-1,200,OK,Thread Group 1-17,text,true,,5069,960,25,25,http://localhost:8080/jpetstore/actions/Catalog.action,1,0,0
1654177099029,2,/jpetstore/actions/Catalog.action-97,200,OK,Thread Group 1-25,text,true,,5762,727,25,25,http://localhost:8080/jpetstore/actions/Catalog.action,2,0,1
1654177099164,1,Home,200,OK,Thread Group 1-10,text,true,,1516,391,25,25,http://localhost:8080/jpetstore/,0,0,0
1654177099164,0,Home-0,302,Found,Thread Group 1-10,,true,,146,195,25,25,http://localhost:8080/jpetstore,0,0,0
1654177099164,1,Home-1,200,OK,Thread Group 1-10,text,true,,1370,196,25,25,http://localhost:8080/jpetstore/,1,0,0
1654177099224,1,Main Catalog,200,OK,Thread Group 1-6,text,true,,4832,218,25,25,http://localhost:8080/jpetstore/actions/Catalog.action,1,0,0
1654177099228,1,/jpetstore/actions/Account.action-99,200,OK,Thread Group 1-18,text,true,,5262,2175,25,25,http://localhost:8080/jpetstore/actions/Catalog.action,0,0,0
1654177099228,0,/jpetstore/actions/Account.action-99-0,302,Found,Thread Group 1-18,,true,,193,1215,25,25,http://localhost:8080/jpetstore/actions/Account.action,0,0,0
1654177099228,1,/jpetstore/actions/Account.action-99-1,200,OK,Thread Group 1-18,text,true,,5069,960,25,25,http://localhost:8080/jpetstore/actions/Catalog.action,1,0,0
1654177099272,1,/jpetstore/actions/Account.action-101,200,OK,Thread Group 1-14,text,true,,5255,1693,25,25,http://localhost:8080/jpetstore/actions/Catalog.action,1,0,0
1654177099272,1,/jpetstore/actions/Account.action-101-0,302,Found,Thread Group 1-14,,true,,333,851,25,25,http://localhost:8080/jpetstore/actions/Account.action?signoff=,1,0,0
1654177099273,0,/jpetstore/actions/Account.action-101-1,200,OK,Thread Group 1-14,text,true,,4922,842,25,25,http://localhost:8080/jpetstore/actions/Catalog.action,0,0,0
1654177099296,1,Sign in,200,OK,Thread Group 1-2,text,true,,3921,854,25,25,http://localhost:8080/jpetstore/actions/Account.action?signonForm=,1,0,0
1654177099312,1,/jpetstore/actions/Account.action-98,200,OK,Thread Group 1-22,text,true,,3923,854,25,25,http://localhost:8080/jpetstore/actions/Account.action?signonForm=,1,0,0
1654177099428,1,Main Catalog,200,OK,Thread Group 1-7,text,true,,4832,218,25,25,http://localhost:8080/jpetstore/actions/Catalog.action,1,0,0
1654177099572,1,Sign in,200,OK,Thread Group 1-3,text,true,,3923,854,25,25,http://localhost:8080/jpetstore/actions/Account.action?signonForm=,1,0,0
1654177099612,2,/jpetstore/actions/Account.action-101,200,OK,Thread Group 1-15,text,true,,5255,1693,25,25,http://localhost:8080/jpetstore/actions/Catalog.action,1,0,0
1654177099612,1,/jpetstore/actions/Account.action-101-0,302,Found,Thread Group 1-15,,true,,333,851,25,25,http://localhost:8080/jpetstore/actions/Account.action?signoff=,1,0,0
1654177099613,1,/jpetstore/actions/Account.action-101-1,200,OK,Thread Group 1-15,text,true,,4922,842,25,25,http://localhost:8080/jpetstore/actions/Catalog.action,1,0,0
1654177099641,0,Home,200,OK,Thread Group 1-11,text,true,,1516,391,25,25,http://localhost:8080/jpetstore/,0,0,0
1654177099641,0,Home-0,302,Found,Thread Group 1-11,,true,,146,195,25,25,http://localhost:8080/jpetstore,0,0,0
1654177099641,0,Home-1,200,OK,Thread Group 1-11,text,true,,1370,196,25,25,http://localhost:8080/jpetstore/,0,0,0
1654177099730,3,/jpetstore/actions/Account.action-99,200,OK,Thread Group 1-19,text,true,,5262,2175,25,25,http://localhost:8080/jpetstore/actions/Catalog.action,2,0,0
1654177099730,2,/jpetstore/actions/Account.action-99-0,302,Found,Thread Group 1-19,,true,,193,1215,25,25,http://localhost:8080/jpetstore/actions/Account.action,2,0,0
1654177099732,1,/jpetstore/actions/Account.action-99-1,200,OK,Thread Group 1-19,text,true,,5069,960,25,25,http://localhost:8080/jpetstore/actions/Catalog.action,1,0,0
1654177099754,2,/jpetstore/actions/Account.action-98,200,OK,Thread Group 1-23,text,true,,3923,854,25,25,http://localhost:8080/jpetstore/actions/Account.action?signonForm=,2,0,0
1654177099881,1,Sign in,200,OK,Thread Group 1-4,text,true,,3925,854,25,25,http://localhost:8080/jpetstore/actions/Account.action?signonForm=,1,0,0
1654177100053,1,Main Catalog,200,OK,Thread Group 1-8,text,true,,4832,218,25,25,http://localhost:8080/jpetstore/actions/Catalog.action,1,0,0
1654177100068,1,Home,200,OK,Thread Group 1-12,text,true,,1516,391,25,25,http://localhost:8080/jpetstore/,0,0,0
1654177100068,0,Home-0,302,Found,Thread Group 1-12,,true,,146,195,25,25,http://localhost:8080/jpetstore,0,0,0
1654177100068,1,Home-1,200,OK,Thread Group 1-12,text,true,,1370,196,25,25,http://localhost:8080/jpetstore/,1,0,0
1654177100082,3,/jpetstore/actions/Account.action-99,200,OK,Thread Group 1-20,text,true,,5262,2175,25,25,http://localhost:8080/jpetstore/actions/Catalog.action,2,0,0
1654177100082,2,/jpetstore/actions/Account.action-99-0,302,Found,Thread Group 1-20,,true,,193,1215,25,25,http://localhost:8080/jpetstore/actions/Account.action,2,0,0
1654177100084,1,/jpetstore/actions/Account.action-99-1,200,OK,Thread Group 1-20,text,true,,5069,960,25,25,http://localhost:8080/jpetstore/actions/Catalog.action,1,0,0
1654177100093,1,/jpetstore/actions/Account.action-101,200,OK,Thread Group 1-16,text,true,,5255,1693,25,25,http://localhost:8080/jpetstore/actions/Catalog.action,0,0,0
1654177100093,0,/jpetstore/actions/Account.action-101-0,302,Found,Thread Group 1-16,,true,,333,851,25,25,http://localhost:8080/jpetstore/actions/Account.action?signoff=,0,0,0
1654177100093,1,/jpetstore/actions/Account.action-101-1,200,OK,Thread Group 1-16,text,true,,4922,842,25,25,http://localhost:8080/jpetstore/actions/Catalog.action,1,0,0
1654177100102,0,/jpetstore/actions/Account.action-98,200,OK,Thread Group 1-24,text,true,,3923,854,25,25,http://localhost:8080/jpetstore/actions/Account.action?signonForm=,0,0,0
1654177100294,1,Main Catalog,200,OK,Thread Group 1-9,text,true,,4832,218,25,25,http://localhost:8080/jpetstore/actions/Catalog.action,1,0,0
1654177100317,0,Sign in,200,OK,Thread Group 1-5,text,true,,3923,854,25,25,http://localhost:8080/jpetstore/actions/Account.action?signonForm=,0,0,0
1654177100387,1,Home,200,OK,Thread Group 1-13,text,true,,1516,391,25,25,http://localhost:8080/jpetstore/,0,0,0
1654177100387,0,Home-0,302,Found,Thread Group 1-13,,true,,146,195,25,25,http://localhost:8080/jpetstore,0,0,0
1654177100387,1,Home-1,200,OK,Thread Group 1-13,text,true,,1370,196,25,25,http://localhost:8080/jpetstore/,1,0,0
1654177100460,1,/jpetstore/actions/Account.action-101,200,OK,Thread Group 1-17,text,true,,5255,1693,25,25,http://localhost:8080/jpetstore/actions/Catalog.action,1,0,0
1654177100460,1,/jpetstore/actions/Account.action-101-0,302,Found,Thread Group 1-17,,true,,333,851,25,25,http://localhost:8080/jpetstore/actions/Account.action?signoff=,1,0,0
1654177100461,0,/jpetstore/actions/Account.action-101-1,200,OK,Thread Group 1-17,text,true,,4922,842,25,25,http://localhost:8080/jpetstore/actions/Catalog.action,0,0,0
1654177100535,2,/jpetstore/actions/Account.action-99,200,OK,Thread Group 1-21,text,true,,5262,2175,25,25,http://localhost:8080/jpetstore/actions/Catalog.action,1,0,0
1654177100535,1,/jpetstore/actions/Account.action-99-0,302,Found,Thread Group 1-21,,true,,193,1215,25,25,http://localhost:8080/jpetstore/actions/Account.action,1,0,0
1654177100536,1,/jpetstore/actions/Account.action-99-1,200,OK,Thread Group 1-21,text,true,,5069,960,25,25,http://localhost:8080/jpetstore/actions/Catalog.action,1,0,0
1654177100544,1,/jpetstore/actions/Account.action-98,200,OK,Thread Group 1-25,text,true,,3923,854,25,25,http://localhost:8080/jpetstore/actions/Account.action?signonForm=,1,0,0
1654177100693,1,Main Catalog,200,OK,Thread Group 1-10,text,true,,4832,218,25,25,http://localhost:8080/jpetstore/actions/Catalog.action,1,0,0
1654177100736,1,Sign in,200,OK,Thread Group 1-6,text,true,,3923,854,25,25,http://localhost:8080/jpetstore/actions/Account.action?signonForm=,1,0,0
1654177100774,1,Home,200,OK,Thread Group 1-14,text,true,,1516,391,25,25,http://localhost:8080/jpetstore/,1,0,0
1654177100774,1,Home-0,302,Found,Thread Group 1-14,,true,,146,195,25,25,http://localhost:8080/jpetstore,1,0,0
1654177100775,0,Home-1,200,OK,Thread Group 1-14,text,true,,1370,196,25,25,http://localhost:8080/jpetstore/,0,0,0
1654177100805,1,/jpetstore/actions/Account.action-101,200,OK,Thread Group 1-18,text,true,,5255,1693,25,25,http://localhost:8080/jpetstore/actions/Catalog.action,1,0,0
1654177100805,1,/jpetstore/actions/Account.action-101-0,302,Found,Thread Group 1-18,,true,,333,851,25,25,http://localhost:8080/jpetstore/actions/Account.action?signoff=,1,0,0
1654177100806,0,/jpetstore/actions/Account.action-101-1,200,OK,Thread Group 1-18,text,true,,4922,842,25,25,http://localhost:8080/jpetstore/actions/Catalog.action,0,0,0
1654177100894,2,/jpetstore/actions/Account.action-99,200,OK,Thread Group 1-22,text,true,,5262,2175,25,25,http://localhost:8080/jpetstore/actions/Catalog.action,2,0,0
1654177100894,2,/jpetstore/actions/Account.action-99-0,302,Found,Thread Group 1-22,,true,,193,1215,25,25,http://localhost:8080/jpetstore/actions/Account.action,2,0,0
1654177100896,0,/jpetstore/actions/Account.action-99-1,200,OK,Thread Group 1-22,text,true,,5069,960,25,25,http://localhost:8080/jpetstore/actions/Catalog.action,0,0,0
1654177101022,2,Sign in,200,OK,Thread Group 1-7,text,true,,3925,854,25,25,http://localhost:8080/jpetstore/actions/Account.action?signonForm=,2,0,0
1654177101155,1,Home,200,OK,Thread Group 1-15,text,true,,1516,391,25,25,http://localhost:8080/jpetstore/,0,0,0
1654177101155,0,Home-0,302,Found,Thread Group 1-15,,true,,146,195,25,25,http://localhost:8080/jpetstore,0,0,0
1654177101155,1,Home-1,200,OK,Thread Group 1-15,text,true,,1370,196,25,25,http://localhost:8080/jpetstore/,1,0,0
1654177101180,1,Main Catalog,200,OK,Thread Group 1-11,text,true,,4832,218,25,25,http://localhost:8080/jpetstore/actions/Catalog.action,1,0,0
1654177101247,2,/jpetstore/actions/Account.action-101,200,OK,Thread Group 1-19,text,true,,5255,1693,25,25,http://localhost:8080/jpetstore/actions/Catalog.action,1,0,0
1654177101247,1,/jpetstore/actions/Account.action-101-0,302,Found,Thread Group 1-19,,true,,333,851,25,25,http://localhost:8080/jpetstore/actions/Account.action?signoff=,1,0,0
1654177101248,1,/jpetstore/actions/Account.action-101-1,200,OK,Thread Group 1-19,text,true,,4922,842,25,25,http://localhost:8080/jpetstore/actions/Catalog.action,1,0,0
1654177101299,2,/jpetstore/actions/Account.action-99,200,OK,Thread Group 1-23,text,true,,5262,2175,25,25,http://localhost:8080/jpetstore/actions/Catalog.action,1,0,0
1654177101299,1,/jpetstore/actions/Account.action-99-0,302,Found,Thread Group 1-23,,true,,193,1215,25,25,http://localhost:8080/jpetstore/actions/Account.action,1,0,0
1654177101300,1,/jpetstore/actions/Account.action-99-1,200,OK,Thread Group 1-23,text,true,,5069,960,25,25,http://localhost:8080/jpetstore/actions/Catalog.action,1,0,0
1654177101603,1,Main Catalog,200,OK,Thread Group 1-12,text,true,,4832,218,25,25,http://localhost:8080/jpetstore/actions/Catalog.action,1,0,0
1654177101606,1,/jpetstore/actions/Account.action-99,200,OK,Thread Group 1-24,text,true,,5262,2175,25,25,http://localhost:8080/jpetstore/actions/Catalog.action,1,0,0
1654177101606,1,/jpetstore/actions/Account.action-99-0,302,Found,Thread Group 1-24,,true,,193,1215,25,25,http://localhost:8080/jpetstore/actions/Account.action,1,0,0
1654177101607,0,/jpetstore/actions/Account.action-99-1,200,OK,Thread Group 1-24,text,true,,5069,960,25,25,http://localhost:8080/jpetstore/actions/Catalog.action,0,0,0
1654177101629,1,Home,200,OK,Thread Group 1-16,text,true,,1516,391,25,25,http://localhost:8080/jpetstore/,1,0,0
1654177101629,1,Home-0,302,Found,Thread Group 1-16,,true,,146,195,25,25,http://localhost:8080/jpetstore,1,0,0
1654177101630,0,Home-1,200,OK,Thread Group 1-16,text,true,,1370,196,25,25,http://localhost:8080/jpetstore/,0,0,0
1654177101651,2,Sign in,200,OK,Thread Group 1-8,text,true,,3919,854,25,25,http://localhost:8080/jpetstore/actions/Account.action?signonForm=,2,0,0
1654177101664,2,/jpetstore/actions/Account.action-101,200,OK,Thread Group 1-20,text,true,,5255,1693,25,25,http://localhost:8080/jpetstore/actions/Catalog.action,1,0,0
1654177101664,1,/jpetstore/actions/Account.action-101-0,302,Found,Thread Group 1-20,,true,,333,851,25,25,http://localhost:8080/jpetstore/actions/Account.action?signoff=,1,0,0
1654177101665,1,/jpetstore/actions/Account.action-101-1,200,OK,Thread Group 1-20,text,true,,4922,842,25,25,http://localhost:8080/jpetstore/actions/Catalog.action,1,0,0
1654177101854,1,Sign in,200,OK,Thread Group 1-9,text,true,,3923,854,25,25,http://localhost:8080/jpetstore/actions/Account.action?signonForm=,1,0,0
1654177101929,1,Main Catalog,200,OK,Thread Group 1-13,text,true,,4832,218,25,25,http://localhost:8080/jpetstore/actions/Catalog.action,1,0,0
1654177102041,1,Home,200,OK,Thread Group 1-17,text,true,,1516,391,25,25,http://localhost:8080/jpetstore/,0,0,0
1654177102041,0,Home-0,302,Found,Thread Group 1-17,,true,,146,195,25,25,http://localhost:8080/jpetstore,0,0,0
1654177102041,1,Home-1,200,OK,Thread Group 1-17,text,true,,1370,196,25,25,http://localhost:8080/jpetstore/,1,0,0
1654177102090,1,/jpetstore/actions/Account.action-99,200,OK,Thread Group 1-25,text,true,,5262,2175,25,25,http://localhost:8080/jpetstore/actions/Catalog.action,1,0,0
1654177102090,1,/jpetstore/actions/Account.action-99-0,302,Found,Thread Group 1-25,,true,,193,1215,25,25,http://localhost:8080/jpetstore/actions/Account.action,1,0,0
1654177102091,0,/jpetstore/actions/Account.action-99-1,200,OK,Thread Group 1-25,text,true,,5069,960,25,25,http://localhost:8080/jpetstore/actions/Catalog.action,0,0,0
1654177102089,2,/jpetstore/actions/Account.action-101,200,OK,Thread Group 1-21,text,true,,5255,1693,25,25,http://localhost:8080/jpetstore/actions/Catalog.action,1,0,0
1654177102089,1,/jpetstore/actions/Account.action-101-0,302,Found,Thread Group 1-21,,true,,333,851,25,25,http://localhost:8080/jpetstore/actions/Account.action?signoff=,1,0,0
1654177102091,0,/jpetstore/actions/Account.action-101-1,200,OK,Thread Group 1-21,text,true,,4922,842,25,25,http://localhost:8080/jpetstore/actions/Catalog.action,0,0,0
1654177102256,1,Sign in,200,OK,Thread Group 1-10,text,true,,3923,854,25,25,http://localhost:8080/jpetstore/actions/Account.action?signonForm=,1,0,0
1654177102282,1,Main Catalog,200,OK,Thread Group 1-14,text,true,,4832,218,25,25,http://localhost:8080/jpetstore/actions/Catalog.action,1,0,0
1654177102363,2,Login,200,OK,Thread Group 1-1,text,true,,5262,2175,25,25,http://localhost:8080/jpetstore/actions/Catalog.action,1,0,0
1654177102363,1,Login-0,302,Found,Thread Group 1-1,,true,,193,1215,25,25,http://localhost:8080/jpetstore/actions/Account.action,1,0,0
1654177102365,0,Login-1,200,OK,Thread Group 1-1,text,true,,5069,960,25,25,http://localhost:8080/jpetstore/actions/Catalog.action,0,0,0
1654177102391,1,Home,200,OK,Thread Group 1-18,text,true,,1516,391,25,25,http://localhost:8080/jpetstore/,1,0,0
1654177102391,1,Home-0,302,Found,Thread Group 1-18,,true,,146,195,25,25,http://localhost:8080/jpetstore,1,0,0
1654177102392,0,Home-1,200,OK,Thread Group 1-18,text,true,,1370,196,25,25,http://localhost:8080/jpetstore/,0,0,0
1654177102403,2,/jpetstore/actions/Account.action-101,200,OK,Thread Group 1-22,text,true,,5255,1693,25,25,http://localhost:8080/jpetstore/actions/Catalog.action,1,0,0
1654177102403,1,/jpetstore/actions/Account.action-101-0,302,Found,Thread Group 1-22,,true,,333,851,25,25,http://localhost:8080/jpetstore/actions/Account.action?signoff=,1,0,0
1654177102404,1,/jpetstore/actions/Account.action-101-1,200,OK,Thread Group 1-22,text,true,,4922,842,25,25,http://localhost:8080/jpetstore/actions/Catalog.action,1,0,0
1654177102666,1,Main Catalog,200,OK,Thread Group 1-15,text,true,,4832,218,25,25,http://localhost:8080/jpetstore/actions/Catalog.action,1,0,0
1654177102733,1,Sign in,200,OK,Thread Group 1-11,text,true,,3925,854,25,25,http://localhost:8080/jpetstore/actions/Account.action?signonForm=,1,0,0
1654177102796,1,Home,200,OK,Thread Group 1-19,text,true,,1516,391,25,25,http://localhost:8080/jpetstore/,1,0,0
1654177102796,1,Home-0,302,Found,Thread Group 1-19,,true,,146,195,25,25,http://localhost:8080/jpetstore,1,0,0
1654177102797,0,Home-1,200,OK,Thread Group 1-19,text,true,,1370,196,25,25,http://localhost:8080/jpetstore/,0,0,0
1654177102801,2,/jpetstore/actions/Account.action-101,200,OK,Thread Group 1-23,text,true,,5255,1693,25,25,http://localhost:8080/jpetstore/actions/Catalog.action,1,0,0
1654177102801,1,/jpetstore/actions/Account.action-101-0,302,Found,Thread Group 1-23,,true,,333,851,25,25,http://localhost:8080/jpetstore/actions/Account.action?signoff=,1,0,0
1654177102802,1,/jpetstore/actions/Account.action-101-1,200,OK,Thread Group 1-23,text,true,,4922,842,25,25,http://localhost:8080/jpetstore/actions/Catalog.action,1,0,0
1654177102963,2,Login,200,OK,Thread Group 1-2,text,true,,5262,2175,25,25,http://localhost:8080/jpetstore/actions/Catalog.action,1,0,0
1654177102963,1,Login-0,302,Found,Thread Group 1-2,,true,,193,1215,25,25,http://localhost:8080/jpetstore/actions/Account.action,1,0,0
1654177102964,1,Login-1,200,OK,Thread Group 1-2,text,true,,5069,960,25,25,http://localhost:8080/jpetstore/actions/Catalog.action,1,0,0
1654177103085,2,Login,200,OK,Thread Group 1-3,text,true,,5262,2175,25,25,http://localhost:8080/jpetstore/actions/Catalog.action,1,0,0
1654177103085,1,Login-0,302,Found,Thread Group 1-3,,true,,193,1215,25,25,http://localhost:8080/jpetstore/actions/Account.action,1,0,0
1654177103086,1,Login-1,200,OK,Thread Group 1-3,text,true,,5069,960,25,25,http://localhost:8080/jpetstore/actions/Catalog.action,1,0,0
1654177103132,1,/jpetstore/actions/Account.action-101,200,OK,Thread Group 1-24,text,true,,5255,1693,25,25,http://localhost:8080/jpetstore/actions/Catalog.action,1,0,0
1654177103132,1,/jpetstore/actions/Account.action-101-0,302,Found,Thread Group 1-24,,true,,333,851,25,25,http://localhost:8080/jpetstore/actions/Account.action?signoff=,1,0,0
1654177103133,0,/jpetstore/actions/Account.action-101-1,200,OK,Thread Group 1-24,text,true,,4922,842,25,25,http://localhost:8080/jpetstore/actions/Catalog.action,0,0,0
1654177103140,1,Main Catalog,200,OK,Thread Group 1-16,text,true,,4832,218,25,25,http://localhost:8080/jpetstore/actions/Catalog.action,1,0,0
1654177103182,1,Sign in,200,OK,Thread Group 1-12,text,true,,3921,854,25,25,http://localhost:8080/jpetstore/actions/Account.action?signonForm=,1,0,0
1654177103184,0,Home,200,OK,Thread Group 1-20,text,true,,1516,391,25,25,http://localhost:8080/jpetstore/,0,0,0
1654177103184,0,Home-0,302,Found,Thread Group 1-20,,true,,146,195,25,25,http://localhost:8080/jpetstore,0,0,0
1654177103184,0,Home-1,200,OK,Thread Group 1-20,text,true,,1370,196,25,25,http://localhost:8080/jpetstore/,0,0,0
1654177103429,3,Login,200,OK,Thread Group 1-4,text,true,,5262,2175,25,25,http://localhost:8080/jpetstore/actions/Catalog.action,2,0,0
1654177103429,2,Login-0,302,Found,Thread Group 1-4,,true,,193,1215,25,25,http://localhost:8080/jpetstore/actions/Account.action,2,0,0
1654177103431,1,Login-1,200,OK,Thread Group 1-4,text,true,,5069,960,25,25,http://localhost:8080/jpetstore/actions/Catalog.action,1,0,0
1654177103489,1,Sign in,200,OK,Thread Group 1-13,text,true,,3921,854,25,25,http://localhost:8080/jpetstore/actions/Account.action?signonForm=,1,0,0
1654177103545,1,Main Catalog,200,OK,Thread Group 1-17,text,true,,4832,218,25,25,http://localhost:8080/jpetstore/actions/Catalog.action,1,0,0
1654177103639,1,Home,200,OK,Thread Group 1-21,text,true,,1516,391,25,25,http://localhost:8080/jpetstore/,1,0,0
1654177103639,1,Home-0,302,Found,Thread Group 1-21,,true,,146,195,25,25,http://localhost:8080/jpetstore,1,0,0
1654177103640,0,Home-1,200,OK,Thread Group 1-21,text,true,,1370,196,25,25,http://localhost:8080/jpetstore/,0,0,0
1654177103664,1,/jpetstore/actions/Account.action-101,200,OK,Thread Group 1-25,text,true,,5255,1693,25,25,http://localhost:8080/jpetstore/actions/Catalog.action,0,0,0
1654177103664,0,/jpetstore/actions/Account.action-101-0,302,Found,Thread Group 1-25,,true,,333,851,25,25,http://localhost:8080/jpetstore/actions/Account.action?signoff=,0,0,0
1654177103664,1,/jpetstore/actions/Account.action-101-1,200,OK,Thread Group 1-25,text,true,,4922,842,25,25,http://localhost:8080/jpetstore/actions/Catalog.action,1,0,0
1654177103859,1,Sign in,200,OK,Thread Group 1-14,text,true,,3923,854,25,25,http://localhost:8080/jpetstore/actions/Account.action?signonForm=,1,0,0
1654177103910,3,Dogs,200,OK,Thread Group 1-1,text,true,,4296,248,25,25,http://localhost:8080/jpetstore/actions/Catalog.action?viewCategory=&categoryId=DOGS,3,0,0
1654177103927,3,Login,200,OK,Thread Group 1-5,text,true,,5262,2175,25,25,http://localhost:8080/jpetstore/actions/Catalog.action,2,0,0
1654177103927,2,Login-0,302,Found,Thread Group 1-5,,true,,193,1215,25,25,http://localhost:8080/jpetstore/actions/Account.action,2,0,0
1654177103929,1,Login-1,200,OK,Thread Group 1-5,text,true,,5069,960,25,25,http://localhost:8080/jpetstore/actions/Catalog.action,1,0,0
1654177103975,1,Main Catalog,200,OK,Thread Group 1-18,text,true,,4832,218,25,25,http://localhost:8080/jpetstore/actions/Catalog.action,1,0,0
1654177103985,1,Home,200,OK,Thread Group 1-22,text,true,,1516,391,25,25,http://localhost:8080/jpetstore/,1,0,0
1654177103985,1,Home-0,302,Found,Thread Group 1-22,,true,,146,195,25,25,http://localhost:8080/jpetstore,1,0,0
1654177103986,0,Home-1,200,OK,Thread Group 1-22,text,true,,1370,196,25,25,http://localhost:8080/jpetstore/,0,0,0
1654177104244,2,Sign in,200,OK,Thread Group 1-15,text,true,,3923,854,25,25,http://localhost:8080/jpetstore/actions/Account.action?signonForm=,2,0,0
1654177104279,2,Login,200,OK,Thread Group 1-6,text,true,,5262,2175,25,25,http://localhost:8080/jpetstore/actions/Catalog.action,1,0,0
1654177104279,1,Login-0,302,Found,Thread Group 1-6,,true,,193,1215,25,25,http://localhost:8080/jpetstore/actions/Account.action,1,0,0
1654177104280,1,Login-1,200,OK,Thread Group 1-6,text,true,,5069,960,25,25,http://localhost:8080/jpetstore/actions/Catalog.action,1,0,0
1654177104309,1,Main Catalog,200,OK,Thread Group 1-19,text,true,,4832,218,25,25,http://localhost:8080/jpetstore/actions/Catalog.action,1,0,0
1654177104399,1,Home,200,OK,Thread Group 1-23,text,true,,1516,391,25,25,http://localhost:8080/jpetstore/,0,0,0
1654177104399,0,Home-0,302,Found,Thread Group 1-23,,true,,146,195,25,25,http://localhost:8080/jpetstore,0,0,0
1654177104399,1,Home-1,200,OK,Thread Group 1-23,text,true,,1370,196,25,25,http://localhost:8080/jpetstore/,1,0,0
1654177104533,1,Reptiles,200,OK,Thread Group 1-2,text,true,,3712,252,25,25,http://localhost:8080/jpetstore/actions/Catalog.action?viewCategory=&categoryId=REPTILES,1,0,0
1654177104609,1,Birds,200,OK,Thread Group 1-3,text,true,,3710,249,25,25,http://localhost:8080/jpetstore/actions/Catalog.action?viewCategory=&categoryId=BIRDS,1,0,0
1654177104611,2,Login,200,OK,Thread Group 1-7,text,true,,5262,2175,25,25,http://localhost:8080/jpetstore/actions/Catalog.action,1,0,0
1654177104611,1,Login-0,302,Found,Thread Group 1-7,,true,,193,1215,25,25,http://localhost:8080/jpetstore/actions/Account.action,1,0,0
1654177104612,1,Login-1,200,OK,Thread Group 1-7,text,true,,5069,960,25,25,http://localhost:8080/jpetstore/actions/Catalog.action,1,0,0
1654177104661,1,Home,200,OK,Thread Group 1-24,text,true,,1516,391,25,25,http://localhost:8080/jpetstore/,0,0,0
1654177104661,0,Home-0,302,Found,Thread Group 1-24,,true,,146,195,25,25,http://localhost:8080/jpetstore,0,0,0
1654177104661,1,Home-1,200,OK,Thread Group 1-24,text,true,,1370,196,25,25,http://localhost:8080/jpetstore/,1,0,0
1654177104699,2,Sign in,200,OK,Thread Group 1-16,text,true,,3923,854,25,25,http://localhost:8080/jpetstore/actions/Account.action?signonForm=,2,0,0
1654177104711,1,Main Catalog,200,OK,Thread Group 1-20,text,true,,4832,218,25,25,http://localhost:8080/jpetstore/actions/Catalog.action,1,0,0
1654177104954,1,Dogs,200,OK,Thread Group 1-4,text,true,,4296,248,25,25,http://localhost:8080/jpetstore/actions/Catalog.action?viewCategory=&categoryId=DOGS,1,0,0
1654177105068,1,Sign in,200,OK,Thread Group 1-17,text,true,,3925,854,25,25,http://localhost:8080/jpetstore/actions/Account.action?signonForm=,1,0,0
1654177105174,1,Main Catalog,200,OK,Thread Group 1-21,text,true,,4832,218,25,25,http://localhost:8080/jpetstore/actions/Catalog.action,1,0,0
1654177105217,1,Home,200,OK,Thread Group 1-25,text,true,,1516,391,25,25,http://localhost:8080/jpetstore/,0,0,0
1654177105217,0,Home-0,302,Found,Thread Group 1-25,,true,,146,195,25,25,http://localhost:8080/jpetstore,0,0,0
1654177105217,1,Home-1,200,OK,Thread Group 1-25,text,true,,1370,196,25,25,http://localhost:8080/jpetstore/,1,0,0
1654177105319,3,Login,200,OK,Thread Group 1-8,text,true,,5262,2175,25,25,http://localhost:8080/jpetstore/actions/Catalog.action,2,0,0
1654177105319,2,Login-0,302,Found,Thread Group 1-8,,true,,193,1215,25,25,http://localhost:8080/jpetstore/actions/Account.action,2,0,0
1654177105321,1,Login-1,200,OK,Thread Group 1-8,text,true,,5069,960,25,25,http://localhost:8080/jpetstore/actions/Catalog.action,1,0,0
1654177105467,2,Reptiles,200,OK,Thread Group 1-5,text,true,,3712,252,25,25,http://localhost:8080/jpetstore/actions/Catalog.action?viewCategory=&categoryId=REPTILES,2,0,0
1654177105479,1,Sign Out,200,OK,Thread Group 1-1,text,true,,5255,1693,25,25,http://localhost:8080/jpetstore/actions/Catalog.action,1,0,0
1654177105479,1,Sign Out-0,302,Found,Thread Group 1-1,,true,,333,851,25,25,http://localhost:8080/jpetstore/actions/Account.action?signoff=,1,0,0
1654177105480,0,Sign Out-1,200,OK,Thread Group 1-1,text,true,,4922,842,25,25,http://localhost:8080/jpetstore/actions/Catalog.action,0,0,0
1654177105524,1,Sign in,200,OK,Thread Group 1-18,text,true,,3921,854,24,24,http://localhost:8080/jpetstore/actions/Account.action?signonForm=,1,0,0
1654177105531,2,Login,200,OK,Thread Group 1-9,text,true,,5262,2175,24,24,http://localhost:8080/jpetstore/actions/Catalog.action,2,0,0
1654177105531,2,Login-0,302,Found,Thread Group 1-9,,true,,193,1215,24,24,http://localhost:8080/jpetstore/actions/Account.action,2,0,0
1654177105533,0,Login-1,200,OK,Thread Group 1-9,text,true,,5069,960,24,24,http://localhost:8080/jpetstore/actions/Catalog.action,0,0,0
1654177105558,1,Main Catalog,200,OK,Thread Group 1-22,text,true,,4832,218,24,24,http://localhost:8080/jpetstore/actions/Catalog.action,1,0,0
1654177105823,1,Birds,200,OK,Thread Group 1-6,text,true,,3710,249,24,24,http://localhost:8080/jpetstore/actions/Catalog.action?viewCategory=&categoryId=BIRDS,1,0,0
1654177105880,2,Sign in,200,OK,Thread Group 1-19,text,true,,3923,854,24,24,http://localhost:8080/jpetstore/actions/Account.action?signonForm=,2,0,0
1654177105933,2,Login,200,OK,Thread Group 1-10,text,true,,5262,2175,24,24,http://localhost:8080/jpetstore/actions/Catalog.action,1,0,0
1654177105933,1,Login-0,302,Found,Thread Group 1-10,,true,,193,1215,24,24,http://localhost:8080/jpetstore/actions/Account.action,1,0,0
1654177105934,1,Login-1,200,OK,Thread Group 1-10,text,true,,5069,960,24,24,http://localhost:8080/jpetstore/actions/Catalog.action,1,0,0
1654177105952,1,Main Catalog,200,OK,Thread Group 1-23,text,true,,4832,218,24,24,http://localhost:8080/jpetstore/actions/Catalog.action,1,0,0
1654177106099,2,Sign Out,200,OK,Thread Group 1-2,text,true,,5255,1693,24,24,http://localhost:8080/jpetstore/actions/Catalog.action,1,0,0
1654177106099,1,Sign Out-0,302,Found,Thread Group 1-2,,true,,333,851,24,24,http://localhost:8080/jpetstore/actions/Account.action?signoff=,1,0,0
1654177106100,1,Sign Out-1,200,OK,Thread Group 1-2,text,true,,4922,842,24,24,http://localhost:8080/jpetstore/actions/Catalog.action,1,0,0
1654177106133,1,Dogs,200,OK,Thread Group 1-7,text,true,,4296,248,23,23,http://localhost:8080/jpetstore/actions/Catalog.action?viewCategory=&categoryId=DOGS,1,0,0
1654177106154,2,Sign Out,200,OK,Thread Group 1-3,text,true,,5255,1693,23,23,http://localhost:8080/jpetstore/actions/Catalog.action,1,0,0
1654177106154,1,Sign Out-0,302,Found,Thread Group 1-3,,true,,333,851,23,23,http://localhost:8080/jpetstore/actions/Account.action?signoff=,1,0,0
1654177106155,1,Sign Out-1,200,OK,Thread Group 1-3,text,true,,4922,842,23,23,http://localhost:8080/jpetstore/actions/Catalog.action,1,0,0
1654177106223,2,Main Catalog,200,OK,Thread Group 1-24,text,true,,4832,218,22,22,http://localhost:8080/jpetstore/actions/Catalog.action,2,0,0
1654177106281,1,Sign in,200,OK,Thread Group 1-20,text,true,,3923,854,22,22,http://localhost:8080/jpetstore/actions/Account.action?signonForm=,1,0,0
1654177106397,2,Login,200,OK,Thread Group 1-11,text,true,,5262,2175,22,22,http://localhost:8080/jpetstore/actions/Catalog.action,1,0,0
1654177106397,1,Login-0,302,Found,Thread Group 1-11,,true,,193,1215,22,22,http://localhost:8080/jpetstore/actions/Account.action,1,0,0
1654177106398,1,Login-1,200,OK,Thread Group 1-11,text,true,,5069,960,22,22,http://localhost:8080/jpetstore/actions/Catalog.action,1,0,0
1654177106549,2,Sign Out,200,OK,Thread Group 1-4,text,true,,5255,1693,22,22,http://localhost:8080/jpetstore/actions/Catalog.action,1,0,0
1654177106549,1,Sign Out-0,302,Found,Thread Group 1-4,,true,,333,851,22,22,http://localhost:8080/jpetstore/actions/Account.action?signoff=,1,0,0
1654177106550,1,Sign Out-1,200,OK,Thread Group 1-4,text,true,,4922,842,22,22,http://localhost:8080/jpetstore/actions/Catalog.action,1,0,0
1654177106738,1,Sign in,200,OK,Thread Group 1-21,text,true,,3923,854,21,21,http://localhost:8080/jpetstore/actions/Account.action?signonForm=,1,0,0
1654177106788,1,Main Catalog,200,OK,Thread Group 1-25,text,true,,4832,218,21,21,http://localhost:8080/jpetstore/actions/Catalog.action,1,0,0
1654177106803,2,Login,200,OK,Thread Group 1-12,text,true,,5262,2175,21,21,http://localhost:8080/jpetstore/actions/Catalog.action,1,0,0
1654177106803,1,Login-0,302,Found,Thread Group 1-12,,true,,193,1215,21,21,http://localhost:8080/jpetstore/actions/Account.action,1,0,0
1654177106804,1,Login-1,200,OK,Thread Group 1-12,text,true,,5069,960,21,21,http://localhost:8080/jpetstore/actions/Catalog.action,1,0,0
1654177106843,1,Reptiles,200,OK,Thread Group 1-8,text,true,,3712,252,21,21,http://localhost:8080/jpetstore/actions/Catalog.action?viewCategory=&categoryId=REPTILES,1,0,0
1654177107043,2,Sign Out,200,OK,Thread Group 1-5,text,true,,5255,1693,21,21,http://localhost:8080/jpetstore/actions/Catalog.action,1,0,0
1654177107043,1,Sign Out-0,302,Found,Thread Group 1-5,,true,,333,851,21,21,http://localhost:8080/jpetstore/actions/Account.action?signoff=,1,0,0
1654177107044,1,Sign Out-1,200,OK,Thread Group 1-5,text,true,,4922,842,21,21,http://localhost:8080/jpetstore/actions/Catalog.action,1,0,0
1654177107099,2,Login,200,OK,Thread Group 1-13,text,true,,5262,2175,20,20,http://localhost:8080/jpetstore/actions/Catalog.action,1,0,0
1654177107099,1,Login-0,302,Found,Thread Group 1-13,,true,,193,1215,20,20,http://localhost:8080/jpetstore/actions/Account.action,1,0,0
1654177107100,1,Login-1,200,OK,Thread Group 1-13,text,true,,5069,960,20,20,http://localhost:8080/jpetstore/actions/Catalog.action,1,0,0
1654177107121,1,Birds,200,OK,Thread Group 1-9,text,true,,3710,249,20,20,http://localhost:8080/jpetstore/actions/Catalog.action?viewCategory=&categoryId=BIRDS,1,0,0
1654177107128,0,Sign in,200,OK,Thread Group 1-22,text,true,,3925,854,20,20,http://localhost:8080/jpetstore/actions/Account.action?signonForm=,0,0,0
1654177107368,2,Sign Out,200,OK,Thread Group 1-6,text,true,,5255,1693,20,20,http://localhost:8080/jpetstore/actions/Catalog.action,1,0,0
1654177107368,1,Sign Out-0,302,Found,Thread Group 1-6,,true,,333,851,20,20,http://localhost:8080/jpetstore/actions/Account.action?signoff=,1,0,0
1654177107370,0,Sign Out-1,200,OK,Thread Group 1-6,text,true,,4922,842,20,20,http://localhost:8080/jpetstore/actions/Catalog.action,0,0,0
1654177107422,1,Login,200,OK,Thread Group 1-14,text,true,,5262,2175,19,19,http://localhost:8080/jpetstore/actions/Catalog.action,1,0,0
1654177107422,1,Login-0,302,Found,Thread Group 1-14,,true,,193,1215,19,19,http://localhost:8080/jpetstore/actions/Account.action,1,0,0
1654177107423,0,Login-1,200,OK,Thread Group 1-14,text,true,,5069,960,19,19,http://localhost:8080/jpetstore/actions/Catalog.action,0,0,0
1654177107500,1,Dogs,200,OK,Thread Group 1-10,text,true,,4296,248,19,19,http://localhost:8080/jpetstore/actions/Catalog.action?viewCategory=&categoryId=DOGS,1,0,0
1654177107528,1,Sign in,200,OK,Thread Group 1-23,text,true,,3925,854,19,19,http://localhost:8080/jpetstore/actions/Account.action?signonForm=,1,0,0
1654177107700,2,Sign Out,200,OK,Thread Group 1-7,text,true,,5255,1693,19,19,http://localhost:8080/jpetstore/actions/Catalog.action,1,0,0
1654177107700,1,Sign Out-0,302,Found,Thread Group 1-7,,true,,333,851,19,19,http://localhost:8080/jpetstore/actions/Account.action?signoff=,1,0,0
1654177107701,1,Sign Out-1,200,OK,Thread Group 1-7,text,true,,4922,842,19,19,http://localhost:8080/jpetstore/actions/Catalog.action,1,0,0
1654177107794,1,Sign in,200,OK,Thread Group 1-24,text,true,,3923,854,18,18,http://localhost:8080/jpetstore/actions/Account.action?signonForm=,1,0,0
1654177107869,2,Login,200,OK,Thread Group 1-15,text,true,,5262,2175,18,18,http://localhost:8080/jpetstore/actions/Catalog.action,1,0,0
1654177107869,1,Login-0,302,Found,Thread Group 1-15,,true,,193,1215,18,18,http://localhost:8080/jpetstore/actions/Account.action,1,0,0
1654177107870,1,Login-1,200,OK,Thread Group 1-15,text,true,,5069,960,18,18,http://localhost:8080/jpetstore/actions/Catalog.action,1,0,0
1654177107922,1,Reptiles,200,OK,Thread Group 1-11,text,true,,3712,252,18,18,http://localhost:8080/jpetstore/actions/Catalog.action?viewCategory=&categoryId=REPTILES,1,0,0
1654177108297,1,Sign in,200,OK,Thread Group 1-25,text,true,,3925,854,18,18,http://localhost:8080/jpetstore/actions/Account.action?signonForm=,1,0,0
1654177108316,2,Login,200,OK,Thread Group 1-16,text,true,,5262,2175,18,18,http://localhost:8080/jpetstore/actions/Catalog.action,1,0,0
1654177108316,1,Login-0,302,Found,Thread Group 1-16,,true,,193,1215,18,18,http://localhost:8080/jpetstore/actions/Account.action,1,0,0
1654177108317,1,Login-1,200,OK,Thread Group 1-16,text,true,,5069,960,18,18,http://localhost:8080/jpetstore/actions/Catalog.action,1,0,0
1654177108327,1,Birds,200,OK,Thread Group 1-12,text,true,,3710,249,18,18,http://localhost:8080/jpetstore/actions/Catalog.action?viewCategory=&categoryId=BIRDS,1,0,0
1654177108432,2,Sign Out,200,OK,Thread Group 1-8,text,true,,5255,1693,18,18,http://localhost:8080/jpetstore/actions/Catalog.action,1,0,0
1654177108432,1,Sign Out-0,302,Found,Thread Group 1-8,,true,,333,851,18,18,http://localhost:8080/jpetstore/actions/Account.action?signoff=,1,0,0
1654177108433,1,Sign Out-1,200,OK,Thread Group 1-8,text,true,,4922,842,18,18,http://localhost:8080/jpetstore/actions/Catalog.action,1,0,0
1654177108667,2,Login,200,OK,Thread Group 1-17,text,true,,5262,2175,17,17,http://localhost:8080/jpetstore/actions/Catalog.action,1,0,0
1654177108667,1,Login-0,302,Found,Thread Group 1-17,,true,,193,1215,17,17,http://localhost:8080/jpetstore/actions/Account.action,1,0,0
1654177108668,1,Login-1,200,OK,Thread Group 1-17,text,true,,5069,960,17,17,http://localhost:8080/jpetstore/actions/Catalog.action,1,0,0
1654177108675,1,Dogs,200,OK,Thread Group 1-13,text,true,,4296,248,17,17,http://localhost:8080/jpetstore/actions/Catalog.action?viewCategory=&categoryId=DOGS,1,0,0
1654177108686,2,Sign Out,200,OK,Thread Group 1-9,text,true,,5255,1693,17,17,http://localhost:8080/jpetstore/actions/Catalog.action,1,0,0
1654177108686,1,Sign Out-0,302,Found,Thread Group 1-9,,true,,333,851,17,17,http://localhost:8080/jpetstore/actions/Account.action?signoff=,1,0,0
1654177108687,1,Sign Out-1,200,OK,Thread Group 1-9,text,true,,4922,842,17,17,http://localhost:8080/jpetstore/actions/Catalog.action,1,0,0
1654177108960,1,Reptiles,200,OK,Thread Group 1-14,text,true,,3712,252,16,16,http://localhost:8080/jpetstore/actions/Catalog.action?viewCategory=&categoryId=REPTILES,1,0,0
1654177109039,2,Sign Out,200,OK,Thread Group 1-10,text,true,,5255,1693,16,16,http://localhost:8080/jpetstore/actions/Catalog.action,1,0,0
1654177109039,1,Sign Out-0,302,Found,Thread Group 1-10,,true,,333,851,16,16,http://localhost:8080/jpetstore/actions/Account.action?signoff=,1,0,0
1654177109040,1,Sign Out-1,200,OK,Thread Group 1-10,text,true,,4922,842,16,16,http://localhost:8080/jpetstore/actions/Catalog.action,1,0,0
1654177109123,2,Login,200,OK,Thread Group 1-18,text,true,,5262,2175,15,15,http://localhost:8080/jpetstore/actions/Catalog.action,1,0,0
1654177109123,1,Login-0,302,Found,Thread Group 1-18,,true,,193,1215,15,15,http://localhost:8080/jpetstore/actions/Account.action,1,0,0
1654177109124,1,Login-1,200,OK,Thread Group 1-18,text,true,,5069,960,15,15,http://localhost:8080/jpetstore/actions/Catalog.action,1,0,0
1654177109414,2,Birds,200,OK,Thread Group 1-15,text,true,,3710,249,15,15,http://localhost:8080/jpetstore/actions/Catalog.action?viewCategory=&categoryId=BIRDS,2,0,0
1654177109445,2,Sign Out,200,OK,Thread Group 1-11,text,true,,5255,1693,15,15,http://localhost:8080/jpetstore/actions/Catalog.action,2,0,0
1654177109445,2,Sign Out-0,302,Found,Thread Group 1-11,,true,,333,851,15,15,http://localhost:8080/jpetstore/actions/Account.action?signoff=,2,0,0
1654177109447,0,Sign Out-1,200,OK,Thread Group 1-11,text,true,,4922,842,15,15,http://localhost:8080/jpetstore/actions/Catalog.action,0,0,0
1654177109529,2,Login,200,OK,Thread Group 1-19,text,true,,5262,2175,14,14,http://localhost:8080/jpetstore/actions/Catalog.action,2,0,0
1654177109529,2,Login-0,302,Found,Thread Group 1-19,,true,,193,1215,14,14,http://localhost:8080/jpetstore/actions/Account.action,2,0,0
1654177109531,0,Login-1,200,OK,Thread Group 1-19,text,true,,5069,960,14,14,http://localhost:8080/jpetstore/actions/Catalog.action,0,0,0
1654177109827,2,Dogs,200,OK,Thread Group 1-16,text,true,,4296,248,14,14,http://localhost:8080/jpetstore/actions/Catalog.action?viewCategory=&categoryId=DOGS,2,0,0
1654177109883,2,Login,200,OK,Thread Group 1-20,text,true,,5262,2175,14,14,http://localhost:8080/jpetstore/actions/Catalog.action,2,0,0
1654177109883,2,Login-0,302,Found,Thread Group 1-20,,true,,193,1215,14,14,http://localhost:8080/jpetstore/actions/Account.action,2,0,0
1654177109885,0,Login-1,200,OK,Thread Group 1-20,text,true,,5069,960,14,14,http://localhost:8080/jpetstore/actions/Catalog.action,0,0,0
1654177109902,1,Sign Out,200,OK,Thread Group 1-12,text,true,,5255,1693,14,14,http://localhost:8080/jpetstore/actions/Catalog.action,0,0,0
1654177109902,0,Sign Out-0,302,Found,Thread Group 1-12,,true,,333,851,14,14,http://localhost:8080/jpetstore/actions/Account.action?signoff=,0,0,0
1654177109903,0,Sign Out-1,200,OK,Thread Group 1-12,text,true,,4922,842,14,14,http://localhost:8080/jpetstore/actions/Catalog.action,0,0,0
1654177110212,1,Reptiles,200,OK,Thread Group 1-17,text,true,,3712,252,13,13,http://localhost:8080/jpetstore/actions/Catalog.action?viewCategory=&categoryId=REPTILES,1,0,0
1654177110249,1,Sign Out,200,OK,Thread Group 1-13,text,true,,5255,1693,13,13,http://localhost:8080/jpetstore/actions/Catalog.action,0,0,0
1654177110249,0,Sign Out-0,302,Found,Thread Group 1-13,,true,,333,851,13,13,http://localhost:8080/jpetstore/actions/Account.action?signoff=,0,0,0
1654177110250,0,Sign Out-1,200,OK,Thread Group 1-13,text,true,,4922,842,13,13,http://localhost:8080/jpetstore/actions/Catalog.action,0,0,0
1654177110386,2,Login,200,OK,Thread Group 1-21,text,true,,5262,2175,12,12,http://localhost:8080/jpetstore/actions/Catalog.action,1,0,0
1654177110386,1,Login-0,302,Found,Thread Group 1-21,,true,,193,1215,12,12,http://localhost:8080/jpetstore/actions/Account.action,1,0,0
1654177110387,1,Login-1,200,OK,Thread Group 1-21,text,true,,5069,960,12,12,http://localhost:8080/jpetstore/actions/Catalog.action,1,0,0
1654177110519,1,Sign Out,200,OK,Thread Group 1-14,text,true,,5255,1693,12,12,http://localhost:8080/jpetstore/actions/Catalog.action,1,0,0
1654177110519,1,Sign Out-0,302,Found,Thread Group 1-14,,true,,333,851,12,12,http://localhost:8080/jpetstore/actions/Account.action?signoff=,1,0,0
1654177110520,0,Sign Out-1,200,OK,Thread Group 1-14,text,true,,4922,842,12,12,http://localhost:8080/jpetstore/actions/Catalog.action,0,0,0
1654177110664,2,Birds,200,OK,Thread Group 1-18,text,true,,3710,249,11,11,http://localhost:8080/jpetstore/actions/Catalog.action?viewCategory=&categoryId=BIRDS,2,0,0
1654177110702,2,Login,200,OK,Thread Group 1-22,text,true,,5262,2175,11,11,http://localhost:8080/jpetstore/actions/Catalog.action,1,0,0
1654177110702,1,Login-0,302,Found,Thread Group 1-22,,true,,193,1215,11,11,http://localhost:8080/jpetstore/actions/Account.action,1,0,0
1654177110703,1,Login-1,200,OK,Thread Group 1-22,text,true,,5069,960,11,11,http://localhost:8080/jpetstore/actions/Catalog.action,1,0,0
1654177110961,1,Sign Out,200,OK,Thread Group 1-15,text,true,,5255,1693,11,11,http://localhost:8080/jpetstore/actions/Catalog.action,1,0,0
1654177110961,1,Sign Out-0,302,Found,Thread Group 1-15,,true,,333,851,11,11,http://localhost:8080/jpetstore/actions/Account.action?signoff=,1,0,0
1654177110962,0,Sign Out-1,200,OK,Thread Group 1-15,text,true,,4922,842,11,11,http://localhost:8080/jpetstore/actions/Catalog.action,0,0,0
1654177111076,1,Dogs,200,OK,Thread Group 1-19,text,true,,4296,248,10,10,http://localhost:8080/jpetstore/actions/Catalog.action?viewCategory=&categoryId=DOGS,1,0,0
1654177111088,2,Login,200,OK,Thread Group 1-23,text,true,,5262,2175,10,10,http://localhost:8080/jpetstore/actions/Catalog.action,1,0,0
1654177111088,1,Login-0,302,Found,Thread Group 1-23,,true,,193,1215,10,10,http://localhost:8080/jpetstore/actions/Account.action,1,0,0
1654177111089,1,Login-1,200,OK,Thread Group 1-23,text,true,,5069,960,10,10,http://localhost:8080/jpetstore/actions/Catalog.action,1,0,0
1654177111403,2,Reptiles,200,OK,Thread Group 1-20,text,true,,3712,252,10,10,http://localhost:8080/jpetstore/actions/Catalog.action?viewCategory=&categoryId=REPTILES,2,0,0
1654177111415,3,Sign Out,200,OK,Thread Group 1-16,text,true,,5255,1693,10,10,http://localhost:8080/jpetstore/actions/Catalog.action,2,0,0
1654177111415,2,Sign Out-0,302,Found,Thread Group 1-16,,true,,333,851,10,10,http://localhost:8080/jpetstore/actions/Account.action?signoff=,2,0,0
1654177111417,1,Sign Out-1,200,OK,Thread Group 1-16,text,true,,4922,842,10,10,http://localhost:8080/jpetstore/actions/Catalog.action,0,0,0
1654177111450,2,Login,200,OK,Thread Group 1-24,text,true,,5262,2175,9,9,http://localhost:8080/jpetstore/actions/Catalog.action,2,0,0
1654177111450,2,Login-0,302,Found,Thread Group 1-24,,true,,193,1215,9,9,http://localhost:8080/jpetstore/actions/Account.action,2,0,0
1654177111452,0,Login-1,200,OK,Thread Group 1-24,text,true,,5069,960,9,9,http://localhost:8080/jpetstore/actions/Catalog.action,0,0,0
1654177111800,2,Sign Out,200,OK,Thread Group 1-17,text,true,,5255,1693,9,9,http://localhost:8080/jpetstore/actions/Catalog.action,1,0,0
1654177111800,1,Sign Out-0,302,Found,Thread Group 1-17,,true,,333,851,9,9,http://localhost:8080/jpetstore/actions/Account.action?signoff=,1,0,0
1654177111802,0,Sign Out-1,200,OK,Thread Group 1-17,text,true,,4922,842,9,9,http://localhost:8080/jpetstore/actions/Catalog.action,0,0,0
1654177111893,1,Birds,200,OK,Thread Group 1-21,text,true,,3710,249,8,8,http://localhost:8080/jpetstore/actions/Catalog.action?viewCategory=&categoryId=BIRDS,1,0,0
1654177111916,2,Login,200,OK,Thread Group 1-25,text,true,,5262,2175,8,8,http://localhost:8080/jpetstore/actions/Catalog.action,1,0,0
1654177111916,1,Login-0,302,Found,Thread Group 1-25,,true,,193,1215,8,8,http://localhost:8080/jpetstore/actions/Account.action,1,0,0
1654177111917,1,Login-1,200,OK,Thread Group 1-25,text,true,,5069,960,8,8,http://localhost:8080/jpetstore/actions/Catalog.action,1,0,0
1654177112240,2,Dogs,200,OK,Thread Group 1-22,text,true,,4296,248,8,8,http://localhost:8080/jpetstore/actions/Catalog.action?viewCategory=&categoryId=DOGS,2,0,0
1654177112240,2,Sign Out,200,OK,Thread Group 1-18,text,true,,5255,1693,8,8,http://localhost:8080/jpetstore/actions/Catalog.action,1,0,0
1654177112240,1,Sign Out-0,302,Found,Thread Group 1-18,,true,,333,851,8,8,http://localhost:8080/jpetstore/actions/Account.action?signoff=,1,0,0
1654177112241,1,Sign Out-1,200,OK,Thread Group 1-18,text,true,,4922,842,8,8,http://localhost:8080/jpetstore/actions/Catalog.action,1,0,0
1654177112630,1,Reptiles,200,OK,Thread Group 1-23,text,true,,3712,252,7,7,http://localhost:8080/jpetstore/actions/Catalog.action?viewCategory=&categoryId=REPTILES,1,0,0
1654177112634,2,Sign Out,200,OK,Thread Group 1-19,text,true,,5255,1693,7,7,http://localhost:8080/jpetstore/actions/Catalog.action,1,0,0
1654177112634,1,Sign Out-0,302,Found,Thread Group 1-19,,true,,333,851,7,7,http://localhost:8080/jpetstore/actions/Account.action?signoff=,1,0,0
1654177112635,1,Sign Out-1,200,OK,Thread Group 1-19,text,true,,4922,842,7,7,http://localhost:8080/jpetstore/actions/Catalog.action,1,0,0
1654177112912,2,Sign Out,200,OK,Thread Group 1-20,text,true,,5255,1693,6,6,http://localhost:8080/jpetstore/actions/Catalog.action,1,0,0
1654177112912,1,Sign Out-0,302,Found,Thread Group 1-20,,true,,333,851,6,6,http://localhost:8080/jpetstore/actions/Account.action?signoff=,1,0,0
1654177112913,1,Sign Out-1,200,OK,Thread Group 1-20,text,true,,4922,842,6,6,http://localhost:8080/jpetstore/actions/Catalog.action,1,0,0
1654177112978,2,Birds,200,OK,Thread Group 1-24,text,true,,3710,249,5,5,http://localhost:8080/jpetstore/actions/Catalog.action?viewCategory=&categoryId=BIRDS,2,0,0
1654177113433,2,Sign Out,200,OK,Thread Group 1-21,text,true,,5255,1693,5,5,http://localhost:8080/jpetstore/actions/Catalog.action,1,0,0
1654177113433,1,Sign Out-0,302,Found,Thread Group 1-21,,true,,333,851,5,5,http://localhost:8080/jpetstore/actions/Account.action?signoff=,1,0,0
1654177113434,1,Sign Out-1,200,OK,Thread Group 1-21,text,true,,4922,842,5,5,http://localhost:8080/jpetstore/actions/Catalog.action,1,0,0
1654177113447,1,Dogs,200,OK,Thread Group 1-25,text,true,,4296,248,4,4,http://localhost:8080/jpetstore/actions/Catalog.action?viewCategory=&categoryId=DOGS,1,0,0
1654177113817,2,Sign Out,200,OK,Thread Group 1-22,text,true,,5255,1693,4,4,http://localhost:8080/jpetstore/actions/Catalog.action,1,0,0
1654177113817,1,Sign Out-0,302,Found,Thread Group 1-22,,true,,333,851,4,4,http://localhost:8080/jpetstore/actions/Account.action?signoff=,1,0,0
1654177113818,1,Sign Out-1,200,OK,Thread Group 1-22,text,true,,4922,842,4,4,http://localhost:8080/jpetstore/actions/Catalog.action,1,0,0
1654177114154,2,Sign Out,200,OK,Thread Group 1-23,text,true,,5255,1693,3,3,http://localhost:8080/jpetstore/actions/Catalog.action,1,0,0
1654177114154,1,Sign Out-0,302,Found,Thread Group 1-23,,true,,333,851,3,3,http://localhost:8080/jpetstore/actions/Account.action?signoff=,1,0,0
1654177114155,1,Sign Out-1,200,OK,Thread Group 1-23,text,true,,4922,842,3,3,http://localhost:8080/jpetstore/actions/Catalog.action,1,0,0
1654177114578,1,Sign Out,200,OK,Thread Group 1-24,text,true,,5255,1693,2,2,http://localhost:8080/jpetstore/actions/Catalog.action,0,0,0
1654177114578,0,Sign Out-0,302,Found,Thread Group 1-24,,true,,333,851,2,2,http://localhost:8080/jpetstore/actions/Account.action?signoff=,0,0,0
1654177114579,0,Sign Out-1,200,OK,Thread Group 1-24,text,true,,4922,842,2,2,http://localhost:8080/jpetstore/actions/Catalog.action,0,0,0
1654177115029,1,Sign Out,200,OK,Thread Group 1-25,text,true,,5255,1693,1,1,http://localhost:8080/jpetstore/actions/Catalog.action,1,0,0
1654177115029,1,Sign Out-0,302,Found,Thread Group 1-25,,true,,333,851,1,1,http://localhost:8080/jpetstore/actions/Account.action?signoff=,1,0,0
1654177115030,0,Sign Out-1,200,OK,Thread Group 1-25,text,true,,4922,842,1,1,http://localhost:8080/jpetstore/actions/Catalog.action,0,0,0
